article_id,title,link,creator,pubdate,category,description,source,country,article_type,scrape_timestamp
65fcead2c727bc394ed9adf778a5c084,'Shadow economies' are growing. Military planners and operators must take them into account,https://www.defenseone.com/ideas/2025/10/shadow-economies-are-growing-military-planners-and-operators-must-take-them-account/408560/,Maj. Benjamin Backsmeier,2025-10-02T17:21:41Z,shipping finance,"Black markets prolong wars, defang sanctions, fray alliances, and help rogue governments and groups survive and thrive.",Defense One,Unknown,Market Report,2025-10-03T18:29:14.343145Z
a91ab5b02e6cb069564920612ce9b853,CQRS and Event Sourcing in Practice: Building Scalable Systems,https://www.javacodegeeks.com/2025/10/cqrs-and-event-sourcing-in-practice-building-scalable-systems.html,Eleftheria Drosopoulou,2025-10-02T16:10:00Z,shipping finance,"Today’s distributed systems experiences challenges-evolving business conditions, consistency and scalability. Recently, two architectural design patterns — command query responsibility segregation (cqrs) and event sourcing — have been emerging. This paper sho…",Javacodegeeks.com,Unknown,News,2025-10-03T18:29:14.343448Z
93e8bf1271eeaac0d433ca056d851ab0,UPDATE: Brunswick Corporation Schedules 2025 Third Quarter Earnings Conference Call,https://www.globenewswire.com/news-release/2025/10/02/3160510/36093/en/UPDATE-Brunswick-Corporation-Schedules-2025-Third-Quarter-Earnings-Conference-Call.html,Brunswick Corporation,2025-10-02T14:27:00Z,shipping finance,"METTAWA, Ill., Oct. 02, 2025 (GLOBE NEWSWIRE) -- Brunswick Corporation (NYSE: BC) will release its 2025 third quarter financial results on Thursday, October 23, 2025 before the market opens by way of an advisory release, notifying the public that the complete…",GlobeNewswire,Unknown,Market Report,2025-10-03T18:29:14.343497Z
522027a59568434a8d1f56287cfcfa29,David Walstra: The Sprudge Twenty Interview,https://sprudge.com/david-walstra-the-sprudge-twenty-interview-420050.html,Sprudge Staff,2025-10-02T14:00:52Z,shipping finance,This article is from the coffee website Sprudge at http://sprudge.com. This is the RSS feed version. An interview with 2025 Sprudge Twenty inductee David Walstra.,Sprudge.com,Unknown,Analysis/Opinion,2025-10-03T18:29:14.343528Z
227e9b882c2a9dd51c4d51e51f9d1e91,"XRP Ledger’s MPT Standard Goes Live, Promises What Ethereum Can’t Deliver",https://bitcoinist.com/xrp-ledger-mpt-standard/,Jake Simmons,2025-10-02T12:30:07Z,shipping finance,"The XRP Ledger activated its Multi-Purpose Token (MPT) standard on October 1, turning on a native, protocol-level framework for issuing and governing fungible tokens that aims squarely at institutional tokenization—without relying on bespoke smart contracts. …",Bitcoinist,Unknown,News,2025-10-03T18:29:14.343585Z
a889b61f8d1cedc180efc7930d5691c1,‘How Much Should I Spend on a Wedding Gift?’,http://www.thecut.com/article/how-much-should-i-spend-on-a-wedding-gift.html,Charlotte Cowles,2025-10-02T12:00:19Z,shipping finance,"In this week’s ‘My Two Cents,’ The Cut’s personal-finance columnist, Charlotte Cowles, answers all your burning questions about wedding-gift etiquette.",The Cut,Unknown,Analysis/Opinion,2025-10-03T18:29:14.343624Z
377b02e6081b0f147c36c2819e47fa1a,Brunswick Corporation Schedules 2025 Third Quarter Earnings Conference Call,https://www.globenewswire.com/news-release/2025/10/02/3160194/36093/en/Brunswick-Corporation-Schedules-2025-Third-Quarter-Earnings-Conference-Call.html,Brunswick Corporation,2025-10-02T10:00:00Z,shipping finance,"METTAWA, Ill., Oct. 02, 2025 (GLOBE NEWSWIRE) -- Brunswick Corporation (NYSE: BC) will release its 2025 third quarter financial results on Thursday, October 23, 2025 before the market opens by way of an advisory release, notifying the public that the complete…",GlobeNewswire,Unknown,Market Report,2025-10-03T18:29:14.343666Z
6857e9a6a4400ca9ae484f94f2d8927d,Preparing for the Systems Design and Coding Interviews - The Pragmatic Engineer,https://blog.pragmaticengineer.com/preparing-for-the-systems-design-and-coding-interviews/,brianly,2025-10-02T05:47:01Z,shipping finance,"At Big Tech and high-growth startups, coding and systems design interviews are common - and fairly standard. A lot of people have asked me for preparation advice for these. Here is what I used when getting ready for an E5/E6 Facebook interview, and the one at…",Pragmaticengineer.com,Unknown,Analysis/Opinion,2025-10-03T18:29:14.343712Z
c798c7bcee76f2286173fc2503520d3c,SMBs Tap Working Capital to Fuel Agility by Aligning Financing and Procurement,http://www.pymnts.com/smbs/2025/smbs-tap-working-capital-fuel-agility-align-financing-procurement/,PYMNTS,2025-10-01T21:13:03Z,shipping finance,"Small– to medium-sized businesses (SMBs) face the ongoing challenge of how to compete on cost without compromising quality or compliance, particularly against today’s backdrop of global uncertainty. In 2025, merely mastering the fundamentals of procurement is…",pymnts.com,Global,News,2025-10-03T18:29:14.343762Z
2b8501bc3b1bcae4b6e34175fbc4ed17,Do you know how many Americans retire with the coveted $1 million nest egg? How to catch up if you’re behind,https://finance.yahoo.com/news/know-many-americans-retire-coveted-191700831.html,Moneywise,2025-10-01T19:17:00Z,shipping finance,"If you're behind, you're definitely not alone — and there are ways to catch up.",Yahoo Entertainment,USA,News,2025-10-03T18:29:14.343787Z
87fdf404a58f3df6200adea6af404e0c,Billing Shouldn’t Steal Your Top Engineers’ Attention - Do This Instead (John Griffin),https://www.finextra.com/blogposting/29490/billing-shouldnt-steal-your-top-engineers-attention---do-this-instead,Editorial Team,2025-10-01T10:30:20Z,shipping finance,"When you start out, billing feels simple. Then the sales team starts closing custom deals, product a...",Finextra,Unknown,News,2025-10-03T18:29:14.343824Z
bb21e7dd910242087bcc035efe1207c3,Frank Elderson: From charting the course to staying the course: the path ahead for climate and nature risk supervision,https://www.ecb.europa.eu//press/key/date/2025/html/ecb.sp251001~ff4e3bc6dc.en.html,European Central Bank,2025-10-01T07:35:00Z,shipping finance,The European Central Bank (ECB) is the central bank of the European Union countries which have adopted the euro. Our main task is to maintain price stability in the euro area and so preserve the purchasing power of the single currency.,Europa.eu,Unknown,News,2025-10-03T18:29:14.343868Z
474cca0b33ffc547f8115b9ceb6bb6c6,"Stock Market Highlights 1 October 2025: Sensex, Nifty rebound from 8-day slump after RBI holds repo rate steady at 5.5%",https://www.thehindubusinessline.com/markets/share-market-nifty-sensex-highlights-1st-oct-2025/article70113673.ece,"Team BL, KS Badri Narayanan",2025-10-01T01:26:26Z,shipping finance,"Sensex, Nifty, Share Prices updates: The equity benchmark indices snapped an eight-session losing streak, ahead of a market holiday, following the Reserve Bank of India’s Monetary Policy Committee (MPC) decision to keep the repo rate unchanged at 5.50 per cen…",BusinessLine,India,Market Report,2025-10-03T18:29:14.343894Z
af1daccefb3b578e482bca2c7a99a7d0,UK applies sanctions on links to Iran's nuclear programme,https://www.globalsecurity.org/wmd/library/news/iran/2025/09/iran-250930-ukfcdo01.htm,John Pike,2025-10-01T00:26:15Z,shipping finance,UK applies sanctions on over 70 Iranian individuals and organisations linked to Iran's nuclear programme in response to years of Iranian nuclear escalation.,Globalsecurity.org,Unknown,News,2025-10-03T18:29:14.343930Z
da0d49ad78df3ad260522fce8b5c974f,DPM Metals Announces Updated Feasibility Study Results and Provides Permitting Update for the Loma Larga Project,https://www.globenewswire.com/news-release/2025/09/30/3159093/0/en/DPM-Metals-Announces-Updated-Feasibility-Study-Results-and-Provides-Permitting-Update-for-the-Loma-Larga-Project.html,DPM Metals Inc.,2025-09-30T21:00:00Z,shipping finance,"TORONTO, Sept. 30, 2025 (GLOBE NEWSWIRE) -- DPM Metals Inc. (TSX: DPM, ASX: DPM) (“DPM” or “the Company”) announced the results of an updated feasibility study (“FS”) and provided a permitting update for its Loma Larga project in Ecuador. The FS updates proje…",GlobeNewswire,Unknown,News,2025-10-03T18:29:14.343980Z
9228615ec2df3d10678360cd1807430a,"AI models are already as good as experts at half of tasks, a new OpenAI benchmark suggests",https://fortune.com/2025/09/30/ai-models-are-already-as-good-as-experts-at-half-of-tasks-a-new-openai-benchmark-gdpval-suggests/,Jeremy Kahn,2025-09-30T18:54:28Z,shipping finance,"Anthropic's Claude Opus 4.1 excelled at many professional tasks, especially those performed by clerks, software developers, and private investigators",Fortune,Unknown,News,2025-10-03T18:29:14.344014Z
86c0a50c4c9ffc5bc9ba32625bfaead4,OpenAI Says ChatGPT Can Already Do Some Work Tasks as Well as Humans,https://gizmodo.com/openai-says-chatgpt-can-already-do-some-work-tasks-as-well-as-humans-2000665593,Bruce Gil,2025-09-30T17:40:59Z,shipping finance,"OpenAI’s latest study argues that today’s top models already rival humans on real-world tasks, though it swears they won’t fully replace us.",Gizmodo.com,Unknown,News,2025-10-03T18:29:14.344050Z
73b09a07b0ccecd3d3a2fd540e4c09e3,Revenue seeks to wind up Liam Casey’s PCH International,https://www.independent.ie/business/revenue-seeks-to-wind-up-liam-caseys-pch-international/a957750120.html,John Mulligan,2025-09-30T16:15:00Z,shipping finance,The Revenue Commissioners have asked the High Court to wind up Liam Casey’s PCH International Unlimited – the major technology supply firm that he founded 1996.,Independent.ie,Global,News,2025-10-03T18:29:14.344089Z
daa958e4f031a9967b76dd71ffb11d06,"Nordic American Tankers Ltd (NYSE: NAT) – Founder, Chairman & CEO buys more NAT shares - the path is unquestionably upwards",https://www.globenewswire.com/news-release/2025/09/30/3158733/0/en/Nordic-American-Tankers-Ltd-NYSE-NAT-Founder-Chairman-CEO-buys-more-NAT-shares-the-path-is-unquestionably-upwards.html,Nordic American Tankers Limited,2025-09-30T13:41:00Z,shipping finance,"Tuesday, September 30, 2025     Dear Shareholders and Investors,     Being the Founder, Chairman & CEO, I have today bought 150,000 shares at...",GlobeNewswire,USA,News,2025-10-03T18:29:14.344116Z
2bcbe976c30965e78f2d228e21b33211,30+ AI Overview Statistics From WebFX’s 2.37M-Query Study,https://www.webfx.com/blog/seo/ai-overview-statistics/,Thaakirah Abrahams,2025-09-30T11:17:03Z,shipping finance,"While 25.8% of U.S. queries have an AIO, the rate can reach up to 65%. Read our list of AI Overview statistics to see how this affects organic traffic!",Webfx.com,Unknown,Analysis/Opinion,2025-10-03T18:29:14.344146Z
cba445e4d404932f328257f9f9db7fca,UK applies sanctions on links to Iran’s nuclear programme,https://www.gov.uk/government/news/uk-applies-sanctions-on-links-to-irans-nuclear-programme,"Foreign, Commonwealth & Development Office",2025-09-30T10:03:36Z,shipping finance,UK applies sanctions on over 70 Iranian individuals and organisations linked to Iran’s nuclear programme in response to years of Iranian nuclear escalation.,Www.gov.uk,Unknown,News,2025-10-03T18:29:14.344188Z
5dc7d190cd3c7ad67a7e5723b6e4aea4,eHealth (NASDAQ:EHTH) versus Tiptree Financial (NASDAQ:TIPT) Financial Review,https://www.etfdailynews.com/2025/09/30/ehealth-nasdaqehth-versus-tiptree-financial-nasdaqtipt-financial-review/,MarketBeat News,2025-09-30T07:56:55Z,shipping finance,"eHealth (NASDAQ:EHTH – Get Free Report) and Tiptree Financial (NASDAQ:TIPT – Get Free Report) are both small-cap finance companies, but which is the better business? We will contrast the two businesses based on the strength of their profitability, earnings, r…",ETF Daily News,Unknown,Analysis/Opinion,2025-10-03T18:29:14.344229Z
04175d9cf3cf3429383b9bfc36d496a3,‘Punch’ Broadway Review: A True Story of Manslaughter Makes a Mawkish Transfer to the Stage,https://www.thewrap.com/punch-broadway-review-right-from-wrong/,Robert Hofler,2025-09-30T01:30:00Z,shipping finance,"The grizzly facts are there from Jacob Dunne’s bestseller “Right From Wrong,” but James Graham’s play turns those details into theatrical mush
The post ‘Punch’ Broadway Review: A True Story of Manslaughter Makes a Mawkish Transfer to the Stage appeared first …",TheWrap,Unknown,Analysis/Opinion,2025-10-03T18:29:14.344272Z
2313c411caee72ccf92c070e8f6cf8aa,ChatGPT's now lets you make purchases without leaving the chat,https://www.cbsnews.com/news/chatgpt-instant-checkout-shopify-stripe/,Megan  Cerullo,2025-09-29T22:19:40Z,shipping finance,"ChatGPT's ""Instant Checkout"" feature lets consumers make purchases on single items without having to leave the app.",CBS News,Unknown,News,2025-10-03T18:29:14.344302Z
cb6c0d9c72e4491f3153a0cb58cb083d,Arctic LNG 2: How China Revived Russia’s Frozen Gas,https://oilprice.com/Energy/Natural-Gas/Arctic-LNG-2-How-China-Revived-Russias-Frozen-Gas.html,Natalia Katona,2025-09-29T22:00:00Z,shipping finance,"Russia’s Arctic LNG 2 project is rapidly transforming from a sanctioned stalemate into a strategic lifeline for China’s energy security. Despite years of delays, Western sanctions, and logistical hurdles, the venture has begun delivering liquefied natural gas…",OilPrice.com,China,News,2025-10-03T18:29:14.344323Z
b1d1e4978b7f85293117bcf8f4eccb9a,"Exploring tax, policy measures to strengthen maritime sector: Sarbananda Sonowal",https://economictimes.indiatimes.com/industry/transportation/shipping-/-transport/exploring-tax-policy-measures-to-strengthen-maritime-sector-sarbananda-sonowal/articleshow/124219587.cms,Twesh Mishra,2025-09-29T18:40:39Z,shipping finance,"The government actively explores tax and policy changes for India's maritime sector. A ₹70,000 crore plan will transform shipbuilding into a global powerhouse. This initiative aims to increase Indian-owned vessels for cargo transport. It seeks to attract inte…",The Times of India,India,News,2025-10-03T18:29:14.344352Z
fef4a2b656832f467511e73b06c4cc4b,Claude Sonnet 4.5,https://www.anthropic.com/news/claude-sonnet-4-5,,2025-09-29T16:52:59Z,shipping finance,"Claude Sonnet 4.5 is the best coding model in the world, strongest model for building complex agents, and best model at using computers.",Anthropic.com,Unknown,News,2025-10-03T18:29:14.344380Z
475e763400150f13e62e859bff08e2b7,Pop icon Vanilla Ice claims he 'made millions for doing nothing' — is passive investment right for you?,https://finance.yahoo.com/news/pop-icon-vanilla-ice-claims-151100159.html,Moneywise,2025-09-29T15:11:00Z,shipping finance,Here's what you can take away from his investing strategy that doesn't include writing a catchy pop classic.,Yahoo Entertainment,Unknown,News,2025-10-03T18:29:14.344431Z
38b70f1fe19e5a566915cce8bf022142,"TMD Energy Limited Reports Its Financial Results for the Six Months Transition Period Ended June 30, 2025",https://www.globenewswire.com/news-release/2025/09/29/3157801/0/en/TMD-Energy-Limited-Reports-Its-Financial-Results-for-the-Six-Months-Transition-Period-Ended-June-30-2025.html,TMD Energy Limited,2025-09-29T13:09:00Z,shipping finance,"Kuala Lumpur, Malaysia, Sept. 29, 2025 (GLOBE NEWSWIRE) -- TMD Energy Limited (NYSE AMERICAN: TMDE) (“we” or the “Company” or “TMDEL”), together with its subsidiaries (the “Group” or “TMDEL Group”) is a Malaysia and Singapore based service provider engaged in…",GlobeNewswire,USA,Market Report,2025-10-03T18:29:14.344458Z
a81d4e82b3861a474fc9f2c8184b2973,"Cosmos Health CEO Issues Letter to Shareholders: Building a Global Healthcare Powerhouse with $300M Digital Financing Facility, U.S. Manufacturing Expansion, and AI Innovation",https://www.globenewswire.com/news-release/2025/09/29/3157679/0/en/Cosmos-Health-CEO-Issues-Letter-to-Shareholders-Building-a-Global-Healthcare-Powerhouse-with-300M-Digital-Financing-Facility-U-S-Manufacturing-Expansion-and-AI-Innovation.html,Cosmos Health Inc.,2025-09-29T12:00:00Z,shipping finance,"Cosmos Health CEO Issues Letter to Shareholders: Building a Global Healthcare Powerhouse with $300M Digital Financing Facility, U.S. Expansion & AI R&D......",GlobeNewswire,Global,News,2025-10-03T18:29:14.344499Z
efbb69da503c237046403b49d52a46a5,"Day 1.314 of WW3. Remember the orc ""breakthrough"" near Pokrovsk? The surviving orcs have been encircled by UAF. The Budapest Bullfrog and his Slovak Sidekick object to phasing out purchases of russian oil. This is your Monday Ukraine War thread [News]",https://www.fark.com/comments/13827540/Day-1314-of-WW3-Remember-orc-breakthrough-near-Pokrovsk-The-surviving-orcs-have-been-encircled-by-UAF-The-Budapest-Bullfrog-his-Slovak-Sidekick-object-to-phasing-out-purchases-of-russian-oil-This-is-your-Monday-Ukraine-War-thread,,2025-09-29T12:00:00Z,shipping finance,"Day 1.314 of WW3. Remember the orc ""breakthrough"" near Pokrovsk? The surviving orcs have been encircled by UAF. The Budapest Bullfrog and his Slovak Sidekick object to phasing out purchases of russian oil. This is your Monday Ukraine War thread",Fark.com,Russia,News,2025-10-03T18:29:14.344528Z
91f1ed8de1cfb5c7f3a13f570cf722a2,Nordic American Tankers Ltd (NYSE: NAT) – 2025 Annual General Meeting of Shareholders (AGM),https://www.globenewswire.com/news-release/2025/09/29/3157516/0/en/Nordic-American-Tankers-Ltd-NYSE-NAT-2025-Annual-General-Meeting-of-Shareholders-AGM.html,Nordic American Tankers Limited,2025-09-29T09:34:00Z,shipping finance,"Monday, September 29, 2025     Dear Shareholders and Investors,  Please be informed that the date of the Annual General Meeting (AGM) in Nordic...",GlobeNewswire,USA,News,2025-10-03T18:29:14.344554Z
4e20f135a417aa87032090b4d0f4bd71,"Warren Buffett used to gift his family $10,000 every Christmas — here are 4 ways to use extra cash",https://finance.yahoo.com/news/warren-buffett-used-gift-family-091900461.html,Gemma Lewis,2025-09-29T09:19:00Z,shipping finance,Give yourself the gift of compounding interest.,Yahoo Entertainment,Unknown,News,2025-10-03T18:29:14.344589Z
2f117cb7f23487e599f37a3f357f46be,Bootstrapping: Necessary Evil Or Positive Choice?,https://www.forbes.com/sites/trevorclawson/2025/09/29/bootstrapping-necessary-evil-or-positive-choice/,"Trevor Clawson, Contributor, 
 Trevor Clawson, Contributor
 https://www.forbes.com/sites/trevorclawson/",2025-09-29T09:04:21Z,shipping finance,Not all U.K.-based technology startups have opted for VC finance. Some have chosen self financing and say there are clear advantages,Forbes,Unknown,News,2025-10-03T18:29:14.344620Z
0cd8ce369b0157433001c3dc97e90fc9,Prompt Economy Debate Turns to Scaling Agentic AI,http://www.pymnts.com/connectedeconomy/2025/prompt-economy-debate-turns-to-scaling-agentic-ai/,PYMNTS,2025-09-29T08:00:05Z,shipping finance,"As they should, companies in all business verticals are asking some tough questions about agentic AI. Those questions defined the past week in the Prompt Economy as various thought leadership articles articulated the promise, fears and doubts around agentic A…",pymnts.com,Unknown,News,2025-10-03T18:29:14.344669Z
11037be8123726d252f722e336a6623e,"Perigon Wealth Management LLC Has $894,000 Stock Holdings in Matson, Inc. $MATX",https://www.etfdailynews.com/2025/09/29/perigon-wealth-management-llc-has-894000-stock-holdings-in-matson-inc-matx/,MarketBeat News,2025-09-29T07:56:58Z,shipping finance,"Perigon Wealth Management LLC cut its position in Matson, Inc. (NYSE:MATX – Free Report) by 20.1% during the 2nd quarter, according to the company in its most recent disclosure with the SEC. The firm owned 8,031 shares of the shipping company’s stock after se…",ETF Daily News,Unknown,Market Report,2025-10-03T18:29:14.344713Z
5c8cdd5bb5a805b517735f4982511f15,"Port reforms hinge on transparency, not just expansion - Minister",https://www.ghanaweb.com/GhanaHomePage/business/Port-reforms-hinge-on-transparency-not-just-expansion-Minister-2002728,,2025-09-29T07:55:44Z,shipping finance,"The nation’s ambition to develop into West Africa’s maritime hub will depend as much on transparency in port operations as physical infrastructure, industry leaders have warned.",GhanaWeb,Unknown,News,2025-10-03T18:29:14.344753Z
3f0233d236084ace3e39553ba0d62e70,"By not recognising a Palestinian state, NZ puts its own hard-won reputation on the line",https://theconversation.com/by-not-recognising-a-palestinian-state-nz-puts-its-own-hard-won-reputation-on-the-line-266224,"Robert G. Patman, Professor of International Relations, University of Otago",2025-09-29T00:10:03Z,shipping finance,"By not joining its close allies over the question of Palestinian statehood, NZ risks being ‘on the wrong side of history’.",The Conversation Africa,Unknown,News,2025-10-03T18:29:14.344791Z
41ae992df600abdaa47fec478b662d26,This Powerball winner bought 3 California mansions — here are better ways to invest a cash windfall,https://finance.yahoo.com/news/powerball-winner-bought-3-california-151700327.html,Moneywise,2025-09-28T15:17:00Z,shipping finance,A financial expert called luxury home purchases a 'major ongoing financial burden.',Yahoo Entertainment,Unknown,News,2025-10-03T18:29:14.344827Z
92a83cb507fee997c7d73b8504b65df5,Are you ready for your first year of retirement? Here are 5 things you might not see coming,https://finance.yahoo.com/news/ready-first-retirement-5-things-091900185.html,Moneywise,2025-09-28T09:19:00Z,shipping finance,The key to happiness in your golden years? Get off on the right foot,Yahoo Entertainment,Unknown,News,2025-10-03T18:29:14.344855Z
4a977a244a6003dc703728de1fda4f39,Can Indian flag ships take India’s share of global maritime trade to 30%?,https://www.livemint.com/opinion/online-views/indian-shipbuilding-maritime-development-fund-made-in-india-ships-financial-assistance-scheme-shipbreaking-climate-green-11758781622919.html,"Anil Devli, R.V. Anuradha",2025-09-28T09:14:32Z,shipping finance,"India spends nearly as much on foreign shipping as it does on defence every year, a staggering $75 billion. Prime Minister Narendra Modi’s ambitious maritime package could change that—but the question is how well the four key elements of it come together to p…",Livemint,India,News,2025-10-03T18:29:14.344883Z
d44200a89a6282b1a09dc55aff8a1c8b,Lovely London: Extraordinary In So Many Ways!,https://pointmetotheplane.boardingarea.com/lovely-london-extraordinary-in-so-many-ways/,Point Me to the Plane,2025-09-27T12:37:12Z,shipping finance,"History, theater, parks, great eats, and how about those accents? London has it all!",Boardingarea.com,UK,News,2025-10-03T18:29:14.344910Z
660b6420e00cf8ff383f5c3f3f5f5c9a,Oregon man won cash for life in 2012 — then Publishers Clearing House went bankrupt. Now he may lose his home,https://finance.yahoo.com/news/oregon-man-won-cash-life-122400175.html,Moneywise,2025-09-27T12:24:00Z,shipping finance,What starts as a dream payday can sometimes take an unexpected turn.,Yahoo Entertainment,Unknown,News,2025-10-03T18:29:14.344944Z
f7d9d75f7cb8d1fb043840ceddeca6fa,ASA Releases Dictionary Of Aeronautical Terms,https://www.aero-news.net/index.cfm?do=main.textpost&id=F1B14000-C130-4917-B16E-382DF7078CDE,editor@aero-news.net (Jim Campbell),2025-09-27T10:05:00Z,shipping finance,"New Eighth Edition! Aviation Supplies & Academics, Inc. (ASA) announced the release of the Dictionary of Aeronautical Terms, Eighth Edition. This is the ultimate reference book that contains more than 13,000 accurate, aviation-specific definitions and acronym…",Aero-news.net,Unknown,News,2025-10-03T18:29:14.344991Z
97bd6d226bfcd238fe8d16c4b0309463,Big Business Is Betting Big On Blockchain-Based Payments,https://www.forbes.com/sites/douglaslaney/2025/09/27/big-business-is-betting-big-on-blockchain-based-payments/,"Douglas B. Laney, Contributor, 
 Douglas B. Laney, Contributor
 https://www.forbes.com/sites/douglaslaney/",2025-09-27T07:43:58Z,shipping finance,"Traditional, financial transaction systems not designed for today's economy are being supplemented and supplanted quickly by a blockchain-based digital payments.",Forbes,Unknown,News,2025-10-03T18:29:14.345024Z
f0ea59ad1c3e5a5689fa5a680fc27480,"Novem Group Sells 600 Shares of Global Ship Lease, Inc. $GSL",https://www.etfdailynews.com/2025/09/27/novem-group-sells-600-shares-of-global-ship-lease-inc-gsl/,MarketBeat News,2025-09-27T07:26:58Z,shipping finance,"Novem Group lowered its holdings in Global Ship Lease, Inc. (NYSE:GSL – Free Report) by 1.7% during the second quarter, HoldingsChannel.com reports. The institutional investor owned 34,600 shares of the shipping company’s stock after selling 600 shares during…",ETF Daily News,Global,Market Report,2025-10-03T18:29:14.345065Z
8e2436b33fe6973d11b1bdde8c3bc74f,"K.M.’s investment breakfast with the 25 funds, Prokopis, Karachalios, Loulis and…the rest of the gang, the Israelis boosting real estate, the snakes in LNG",https://en.protothema.gr/2025/09/26/k-m-s-investment-breakfast-with-the-25-funds-prokopis-karachalios-loulis-andthe-rest-of-the-gang-the-israelis-boosting-real-estate-the-snakes-in-lng/,Newsroom,2025-09-26T13:18:48Z,shipping finance,"10 trillion with Mitsotakis at the Aman
The post K.M.’s investment breakfast with the 25 funds, Prokopis, Karachalios, Loulis and…the rest of the gang, the Israelis boosting real estate, the snakes in LNG appeared first on ProtoThema English.",Protothema.gr,Unknown,News,2025-10-03T18:29:14.345121Z
f1eefa93b01d9e6348cd4f6556ec5031,Centre provides back-to-back boost for the shipbuilding industry,https://www.thehindubusinessline.com/economy/logistics/centre-provides-back-to-back-boost-for-the-shipbuilding-industry/article70092987.ece,TE Raja Simhan,2025-09-26T11:19:17Z,shipping finance,"Government initiatives aim to revitalize India's shipbuilding sector, addressing cost disadvantages and boosting global competitiveness for long-term growth.",BusinessLine,India,News,2025-10-03T18:29:14.345140Z
d005ee4f5a098bfdfaa487d62fe6d35c,Centre provides back-to-back boost for the shipbuilding industry,https://www.thehindubusinessline.com/economy/centre-provides-back-to-back-boost-for-the-shipbuilding-industry/article70092987.ece,TE Raja Simhan,2025-09-26T11:19:17Z,shipping finance,"Government initiatives aim to revitalize India's shipbuilding sector, addressing cost disadvantages and boosting global competitiveness for long-term growth.",BusinessLine,India,News,2025-10-03T18:29:14.345154Z
bcab05f84ce797e097cfaaa4261bcdd0,Links 9/26/2025,https://www.nakedcapitalism.com/2025/09/links-9-26-2025.html,Conor Gallagher,2025-09-26T10:55:56Z,shipping finance,"Our global daily links, including “Gen-Z” protests in India, China’s underwhelming climate targets, EU dockworkers meet in Genoa, and the AI slop avalanche.",Nakedcapitalism.com,China,Market Report,2025-10-03T18:29:14.345168Z
f2016202290b03f8af7d3c35e9122bdb,When your VC is your CEO,https://fortune.com/2025/09/26/when-your-vc-is-your-ceo/,Jeff John Roberts,2025-09-26T10:09:18Z,shipping finance,"Arjun Sethi become co-CEO of crypto currency exchange Kraken last fall. He's also the Chairman of Tribe Capital, one of the company's backers.",Fortune,Unknown,News,2025-10-03T18:29:14.345197Z
c64db8dcf9f48b6cff2bfd326e4a3858,When your VC is your CEO,https://finance.yahoo.com/news/vc-ceo-100918597.html,Jeff John Roberts,2025-09-26T10:09:18Z,shipping finance,"Arjun Sethi become co-CEO of crypto currency exchange Kraken last fall. He's also the Chairman of Tribe Capital, one of the company's backers.",Yahoo Entertainment,Unknown,News,2025-10-03T18:29:14.345218Z
6b2a35922e1add1e05ff2d9ba8c20300,Suze Orman helped this low-income retiree figure out the best order for tapping into her retirement accounts,https://finance.yahoo.com/news/suze-orman-helped-low-income-091900027.html,Moneywise,2025-09-26T09:19:00Z,shipping finance,"A recent caller on the ""Women and Money"" podcast asked: ""Which bucket do I draw from first?""",Yahoo Entertainment,Unknown,News,2025-10-03T18:29:14.345251Z
8d410d0a0397c2992fa80ea41632649a,“Dominant”: Inside Lennar’s housing empire in south Miami-Dade,https://therealdeal.com/magazine/october-2025/dominant-inside-lennars-housing-empire-in-south-miami-dade/,Lidia Dinkova,2025-10-01T15:00:00Z,ship mortgage,"When one of south Miami-Dade County’s sprawling suburbs ends, the landscape changes. Streets of master-planned communities level off into a vast expanse of open land and row crops that stretch into the horizon for a mile and a half, west toward Krome Avenue a…",The Real Deal,Unknown,News,2025-10-03T18:29:15.011881Z
9d6af4147ca8cd2e07e3e272a62ac934,"Vulnerability Summary for the Week of September 22, 2025",https://www.cisa.gov/news-events/bulletins/sb25-272,CISA,2025-09-29T13:22:08Z,ship mortgage,"High Vulnerabilities

<table>

<tr>
<th>PrimaryVendor -- Product</th>
<th>Description</th>
<th>Published</th>
<th>CVSS Score</th>
<th>Source Info</th>
<th>Patch Info</th>
</tr>



<tr>
<td>FlowiseAI--Flowise</td>
<td>Flowise is a drag & drop user interface …",Cisa.gov,Unknown,News,2025-10-03T18:29:15.011937Z
2265a06f29916b81db6396c3f00bf338,Chinese Lessors in Talks With Beijing to Ease US Port-Fee Stress,https://gcaptain.com/chinese-lessors-in-talks-with-beijing-to-ease-us-port-fee-stress/,Bloomberg,2025-09-26T16:12:10Z,ship mortgage,"The leasing subsidiaries of at least two large Chinese banks are in talks with the financial regulator about converting shipping leases into mortgages as a safeguard against US levies they say will test China’s maritime dominance, according to people familiar…",gcaptain.com,China,News,2025-10-03T18:29:15.011962Z
75eed18298cf82a48f9834d32fa2cac5,A Fair Transition is on the Horizon for Shipping Sector this October,https://blogs.edf.org/energyexchange/2025/10/02/a-fair-transition-is-on-the-horizon-for-shipping-sector-this-october/,EDF Blogs,2025-10-02T14:38:10Z,private equity shipping,"By Erica Morehouse The International Maritime Organization will have its chance to show leadership by adopting the Net Zero Framework, a set of global measures that include a fuel standard that accounts for the full lifecycle emissions of marine fuels and a l…",Environmental Defense Fund,Global,News,2025-10-03T18:29:15.575712Z
f15606e5593aa058e920cad051806ce5,"Exclusive-China’s banks lend to Saudi gas project while its funds sit out of BlackRock-led deal, sources say",https://finance.yahoo.com/news/exclusive-china-banks-lend-saudi-123028339.html,By Hadeel Al Sayegh,2025-10-02T12:30:28Z,private equity shipping,"DUBAI (Reuters) -China’s biggest state banks are lending billions to Aramco’s Jafurah gas project, though its funds have passed on the opportunity to invest ...",Yahoo Entertainment,China,News,2025-10-03T18:29:15.575752Z
98c06892525bf3e67c64c814e1fb747d,Cal-Maine Foods Reports Strongest First Quarter in Company History,https://www.globenewswire.com/news-release/2025/10/01/3159296/0/en/Cal-Maine-Foods-Reports-Strongest-First-Quarter-in-Company-History.html,"Cal-Maine Foods, Inc.",2025-10-01T10:00:00Z,private equity shipping,"Specialty Eggs and Prepared Foods Positioned as Growth Engines, Anchored by Scale, Integration, and Financial Strength Specialty Eggs and Prepared Foods Positioned as Growth Engines, Anchored by Scale, Integration, and Financial Strength",GlobeNewswire,Unknown,Market Report,2025-10-03T18:29:15.575794Z
9db997f3aad68137fbba21526442737d,Critical Review: BCE (NYSE:BCE) versus Rogers Communication (NYSE:RCI),https://www.etfdailynews.com/2025/10/01/critical-review-bce-nysebce-versus-rogers-communication-nyserci/,MarketBeat News,2025-10-01T07:52:55Z,private equity shipping,"BCE (NYSE:BCE – Get Free Report) and Rogers Communication (NYSE:RCI – Get Free Report) are both large-cap utilities companies, but which is the better business? We will contrast the two companies based on the strength of their profitability, earnings, institu…",ETF Daily News,Unknown,Analysis/Opinion,2025-10-03T18:29:15.575835Z
b1116669a7478818cc659e39510c5624,How Quantum Computing Is Positioned to Drive Long-Term Growth,https://finance.yahoo.com/news/quantum-computing-positioned-drive-long-134000827.html,Sridatri Sarkar,2025-09-30T13:40:00Z,private equity shipping,"QUBT expands government ties, ships new products, and scales its Tempe chip foundry to drive growth.",Yahoo Entertainment,Unknown,News,2025-10-03T18:29:15.575892Z
4384309079b0fa2575d10c416c2d05e0,INNEOVA Holdings Delivers Robust 10.3% Revenue Growth in First Half of Fiscal Year 2025,https://www.globenewswire.com/news-release/2025/09/30/3158402/0/en/INNEOVA-Holdings-Delivers-Robust-10-3-Revenue-Growth-in-First-Half-of-Fiscal-Year-2025.html,INNEOVA Holdings Limited,2025-09-30T10:30:00Z,private equity shipping,"SINGAPORE, Sept. 30, 2025 (GLOBE NEWSWIRE) -- INNEOVA Holdings Limited (“INNEOVA Holdings” or the “Company”) (Nasdaq: INEO), a Singapore-based solutions provider focused on maximising uptime, optimising total cost of ownership, and extending asset longevity t…",GlobeNewswire,Singapore,News,2025-10-03T18:29:15.575927Z
a791379844e0b581b9fe593360b02acc,"BWX Technologies, Inc. $BWXT Shares Sold by Fifth Third Bancorp",https://www.etfdailynews.com/2025/09/30/bwx-technologies-inc-bwxt-shares-sold-by-fifth-third-bancorp/,MarketBeat News,2025-09-30T08:16:56Z,private equity shipping,"Fifth Third Bancorp cut its holdings in shares of BWX Technologies, Inc. (NYSE:BWXT – Free Report) by 3.6% during the second quarter, according to its most recent filing with the Securities & Exchange Commission. The firm owned 3,022 shares of the technology …",ETF Daily News,Unknown,Market Report,2025-10-03T18:29:15.575971Z
753317579a1aeeaac5e9d551401dd75b,"Ballentine Partners LLC Buys Shares of 4,375 Universal Corporation $UVV",https://www.etfdailynews.com/2025/09/30/ballentine-partners-llc-buys-shares-of-4375-universal-corporation-uvv/,MarketBeat News,2025-09-30T07:30:53Z,private equity shipping,"Ballentine Partners LLC bought a new stake in Universal Corporation (NYSE:UVV – Free Report) during the 2nd quarter, according to its most recent Form 13F filing with the SEC. The firm bought 4,375 shares of the company’s stock, valued at approximately $255,0…",ETF Daily News,Unknown,Market Report,2025-10-03T18:29:15.576015Z
665aca92c9db603cf76014fad2e778ed,Shopify (NASDAQ:SHOP) and Thinspace Technology (OTCMKTS:THNS) Financial Contrast,https://www.etfdailynews.com/2025/09/29/shopify-nasdaqshop-and-thinspace-technology-otcmktsthns-financial-contrast/,MarketBeat News,2025-09-29T06:28:57Z,private equity shipping,"Shopify (NASDAQ:SHOP – Get Free Report) and Thinspace Technology (OTCMKTS:THNS – Get Free Report) are both computer and technology companies, but which is the superior business? We will compare the two businesses based on the strength of their profitability, …",ETF Daily News,Unknown,Market Report,2025-10-03T18:29:15.576130Z
3f59ad79581cab7a254f3d16178080d1,Financial Survey: Siemens (OTCMKTS:SIEGY) and Global Industrial (NYSE:GIC),https://www.etfdailynews.com/2025/09/28/financial-survey-siemens-otcmktssiegy-and-global-industrial-nysegic/,MarketBeat News,2025-09-28T06:28:58Z,private equity shipping,"Global Industrial (NYSE:GIC – Get Free Report) and Siemens (OTCMKTS:SIEGY – Get Free Report) are both industrials companies, but which is the superior investment? We will contrast the two companies based on the strength of their profitability, dividends, inst…",ETF Daily News,Global,Market Report,2025-10-03T18:29:15.576210Z
03781dbdd8c1058918a2ad31f3d07a8b,"Platformonomics TGIF #101: September 26, 2025",https://platformonomics.com/2025/09/platformonomics-tgif-101-september-26-2025/,Charles Fitzgerald,2025-09-26T20:34:12Z,private equity shipping,"Platformonomics TGIF is a weekly roll-up of links, comments on those links, and perhaps a little too much tugging on my favorite threads. Get Platformonomics Updates By Email I have a post in progress on recent grand AI infrastructure headlines (and the econo…",Platformonomics.com,Unknown,Analysis/Opinion,2025-10-03T18:29:15.576247Z
156cd49e4cc4a05ae4dcfde3bcf546ed,Voya Investment Management LLC Cuts Holdings in Universal Corporation $UVV,https://www.etfdailynews.com/2025/09/26/voya-investment-management-llc-cuts-holdings-in-universal-corporation-uvv/,MarketBeat News,2025-09-26T07:28:54Z,private equity shipping,"Voya Investment Management LLC lowered its stake in shares of Universal Corporation (NYSE:UVV – Free Report) by 21.4% during the first quarter, according to the company in its most recent Form 13F filing with the Securities and Exchange Commission (SEC). The …",ETF Daily News,Unknown,Market Report,2025-10-03T18:29:15.576322Z
28be15d5a5051fc3f4e89919a3c63ace,"U.S. Capital Wealth Advisors LLC Buys Shares of 5,201 BWX Technologies, Inc. $BWXT",https://www.etfdailynews.com/2025/09/26/u-s-capital-wealth-advisors-llc-buys-shares-of-5201-bwx-technologies-inc-bwxt/,MarketBeat News,2025-09-26T07:26:52Z,private equity shipping,"U.S. Capital Wealth Advisors LLC acquired a new stake in BWX Technologies, Inc. (NYSE:BWXT – Free Report) in the second quarter, according to its most recent disclosure with the Securities and Exchange Commission (SEC). The fund acquired 5,201 shares of the t…",ETF Daily News,Unknown,Market Report,2025-10-03T18:29:15.576365Z
b483d421b8142765602a13ce350b78d3,Analyzing Royal Olympic Cruise Lines (OTCMKTS:ROCLF) and Travel + Leisure (NYSE:TNL),https://www.etfdailynews.com/2025/09/26/analyzing-royal-olympic-cruise-lines-otcmktsroclf-and-travel-leisure-nysetnl/,MarketBeat News,2025-09-26T05:31:00Z,private equity shipping,"Royal Olympic Cruise Lines (OTCMKTS:ROCLF – Get Free Report) and Travel + Leisure (NYSE:TNL – Get Free Report) are both consumer discretionary companies, but which is the superior stock? We will compare the two companies based on the strength of their earning…",ETF Daily News,Unknown,Market Report,2025-10-03T18:29:15.576422Z
5b20e226c81ee4cd9719db61824cfa01,"In YouTube TV Carriage Battles, Media Companies Say Tech Giant Is After Their Streaming Lunch Money",http://deadline.com/2025/09/youtube-tv-streaming-deals-1236557290/,Dade Hayes,2025-09-30T14:15:00Z,charter party disputes,"Having rapidly grown from startup to dominant pay-TV operator, YouTube TV now appears to be looking to level up again by incorporating partners’ streaming programming directly into its user interface. This drive to “ingest” content, as opposed to merely “inte…",Deadline,Unknown,News,2025-10-03T18:29:16.123426Z
9a25de033293214eb51f1eba8d1ef414,Russia's actions and false accusations will not deter our steadfast commitment to Ukraine: UK statement to the OSCE,https://www.globalsecurity.org/wmd/library/news/ukraine/2025/09/ukraine-250925-ukfcdo01.htm,John Pike,2025-09-29T02:00:05Z,charter party disputes,Ambassador Holland reiterates that Russia's intensifying attacks in Ukraine show it is not serious about peace. The UK and our Allies will continue to support Ukraine in line with international law.,Globalsecurity.org,Russia,Market Report,2025-10-03T18:29:16.123464Z
80bbacd9ed4d332a836faa0feb60acca,Is India Set to Dominate the Global Green Hydrogen Market?,https://www.nationpress.com/business/indias-green-hydrogen-leadership,Nation Press,2025-09-28T08:08:00Z,freight derivatives,"India is on the brink of becoming a global leader in green hydrogen, driven by its strong asset base and the National Green Hydrogen Mission. With significant investments and innovative projects underway, India's future in the hydrogen sector looks promising.…",Nationpress.com,India,Market Report,2025-10-03T18:29:16.702168Z
01b8f694255d1a1394db91941d1c3431,Uncovering biomarkers and molecular pathways linking NAFLD and AIS: Insights from bioinformatic analysis and experiment,https://journals.plos.org/plosone/article?id=10.1371/journal.pone.0333719,"Junjie Su, Fenglei Sun",2025-09-29T14:00:00Z,FFAs,"Background Non-alcoholic fatty liver disease (NAFLD) and acute ischemic stroke (AIS) are both closely related to chronic inflammation and metabolic disorders, but the molecular mechanisms between them are not yet clear. This study aims to explore the common m…",Plos.org,Unknown,Analysis/Opinion,2025-10-03T18:29:17.239139Z
4ef32dbb4bbf834b60cfc5a1c02083e1,Airspace breach by Russian jets triggers NATO rift — alliance faces tough test,https://economictimes.indiatimes.com/news/international/us/airspace-breach-by-russian-jets-triggers-nato-rift-alliance-faces-tough-test/articleshow/124276590.cms,Muskan Singh,2025-10-02T17:54:58Z,Baltic Exchange,Recent Russian air incursions into NATO territory sparked alliance-wide concern. Estonia invoked Article 4 after fighter jets violated its airspace. This led to strong disagreements between NATO Secretary General Mark Rutte and Estonian Prime Minister Kristen…,The Times of India,Russia,News,2025-10-03T18:29:17.935542Z
2f592f54fce9d6157556a1d96e50067a,"Big hybrid threats, small EU steps",https://www.euractiv.com/news/rapporteur-big-hybrid-threats-small-eu-steps/,Sofia Mandilara,2025-10-02T05:53:56Z,Baltic Exchange,"In today’s edition: Greta Thunberg is detained by Israeli forces after they intercept aid flotilla boats to Gaza, EU member states draft a blueprint for an Affordable Housing Master Plan, and European leaders in Copenhagen back a stronger role for defence min…",EURACTIV,Unknown,News,2025-10-03T18:29:17.935603Z
6976197f877d2b15580f7ca1eea691ce,"As the UK plans to introduce digital IDs, what can it learn from pioneer Estonia?",https://theconversation.com/as-the-uk-plans-to-introduce-digital-ids-what-can-it-learn-from-pioneer-estonia-266303,"Alex Hardy, Postdoctoral research associate, University of Liverpool",2025-09-30T16:35:11Z,Baltic Exchange,Estonia has more than 20 years experience of digital IDs.,The Conversation Africa,Unknown,News,2025-10-03T18:29:17.935635Z
9dbb63a2749541bed85583a11b48ce46,Frozen Russian Billions Could Backstop Ukraine’s War Effort,https://oilprice.com/Geopolitics/Europe/Frozen-Russian-Billions-Could-Backstop-Ukraines-War-Effort.html,RFE/RL staff,2025-09-30T14:00:00Z,Baltic Exchange,"With the United States indicating that it may not be willing to finance Ukraine’s defense needs for much longer, the European Union is looking into various ways of footing a larger part of the bill in 2026 and 2027, assuming -- as most people in Brussels do -…",OilPrice.com,USA,News,2025-10-03T18:29:17.935666Z
a82698a1342ebe8cecf0d617a7f2050e,Brussels Eyes Frozen Russian Assets To Finance Ukraine Beyond 2025,https://www.globalsecurity.org/wmd/library/news/ukraine/2025/09/ukraine-250930-rferl01.htm,John Pike,2025-09-30T03:29:44Z,Baltic Exchange,"With the United States indicating that it may not be willing to finance Ukraine's defense needs for much longer, the European Union is looking into various ways of footing a larger part of the bill in 2026 and 2027, assuming - as most people in Brussels do - …",Globalsecurity.org,USA,News,2025-10-03T18:29:17.935693Z
fa0d5bc524670186ef0375655ed51dca,"War for Ukraine Day 1,311: Russian Strategic Bombers Are Up",https://balloon-juice.com/2025/09/27/war-for-ukraine-day-1311-russian-strategic-bombers-are-up/,Adam L Silverman,2025-09-27T23:50:44Z,Baltic Exchange,"Let’s start here. It’s 2 AM local time in Ukraine/7 PM EDT and the alerts referenced below began to go up one to two hours ago: Russian strategic bombers are in the air, likely heading to bomb Ukraine. I cannot begin to describe the feeling of knowing that mi…",Balloon-juice.com,Russia,News,2025-10-03T18:29:17.935723Z
0fa6d7930051fbaa1b94e0e9a38ed089,"Vow ASA: New cruise newbuild order confirmed, additional option remains",https://www.globenewswire.com/news-release/2025/09/26/3157149/0/en/Vow-ASA-New-cruise-newbuild-order-confirmed-additional-option-remains.html,Vow ASA,2025-09-26T15:32:00Z,Baltic Exchange,"Oslo, 26 September 2025: Vow ASA (ticker OSE: VOW) and its subsidiary Scanship has received a purchase order from a major European shipyard worth EUR 11.3 million. Deliveries starting mid-June 2026 and throughout 2027.",GlobeNewswire,Norway,News,2025-10-03T18:29:17.935758Z
eac481a2dd8c2bb570838a00d6d0603a,Three More RE Projects Secure CEF Funding from EU,https://www.rigzone.com/news/three_more_re_projects_secure_cef_funding_from_eu-26-sep-2025-181920-article/,Jov Onsat,2025-09-26T13:48:01Z,Baltic Exchange,Three projects from last year's call for cross-border renewable energy projects secured about $89 million from the Connecting Europe Facility for Energy.,Rigzone,Unknown,News,2025-10-03T18:29:17.935790Z
66aa403f6488bc11fa336b12cee24238,US oil flows to Asia face pressure from expensive tanker rates,https://www.bloomberg.com/news/articles/2025-09-26/us-oil-flows-to-asia-face-pressure-from-expensive-tanker-rates,Bloomberg,2025-09-26T13:24:39Z,Baltic Exchange,"Traders also cited fast-weakening Middle East oil-market indicators, including narrowing time spreads for the Dubai benchmark, and differentials for grades such as Oman and Murban",Bloomberg,Unknown,Market Report,2025-10-03T18:29:17.935821Z
495c6ad7ff8dac5e016718de253f983f,Arbitrage Window Closing for American Crude in Asia,https://finance.yahoo.com/news/arbitrage-window-closing-american-crude-120000486.html,Tsvetana Paraskova,2025-09-26T12:00:00Z,Baltic Exchange,Surging tanker rates and cheaper Middle Eastern oil are threatening to close the arbitrage window for American crude shipments to Asia.,Yahoo Entertainment,USA,Market Report,2025-10-03T18:29:17.935837Z
8b58902ede17811ebc6b82a3c5ebff79,Arbitrage Window Closing for American Crude in Asia,https://oilprice.com/Latest-Energy-News/World-News/Arbitrage-Window-Closing-for-American-Crude-in-Asia.html,Tsvetana Paraskova,2025-09-26T12:00:00Z,Baltic Exchange,"The arbitrage window for American crude shipments to Asia could soon close amid surging tanker rates and cheaper Middle Eastern oil which is also closer to the world’s top demand region than the U.S. Gulf Coast.   The rates for chartering a supertanker, the s…",OilPrice.com,USA,Market Report,2025-10-03T18:29:17.935860Z
